COUNTRY,YEAR,QR,UNEMP,INTRATE,GDP,CPI,HPI
AUS,1999,Q4,6.633361,6.633391,1.697148,1.917404,32.18795027
AUS,2000,Q1,6.650769,6.901983,0.378045,2.80236,32.90639627
AUS,2000,Q2,6.302101,6.300913,0.918307,3.0837,33.54568035
AUS,2000,Q3,5.989454,6.175162,0.19249,6.113537,33.62367766
AUS,2000,Q4,6.1715,5.880219,-0.381032,5.788712,34.3077168
AUS,2001,Q1,6.36696,5.285803,1.02188,6.025825,35.23209736
AUS,2001,Q2,6.86966,5.805817,0.829493,6.125356,36.35895649
AUS,2001,Q3,6.867301,5.808712,1.202741,2.469136,38.31847458
AUS,2001,Q4,6.979452,5.560726,1.204761,3.146375,39.56538838
AUS,2002,Q1,6.626737,6.037694,0.754172,2.976996,41.38601319
AUS,2002,Q2,6.405011,6.172283,1.67542,2.818792,43.68559757
AUS,2002,Q3,6.279939,5.647969,0.348846,3.212852,45.50514635
AUS,2002,Q4,6.157361,5.517885,0.727628,2.917772,46.91383095
AUS,2003,Q1,6.055877,5.238139,0.104332,3.285151,48.64760421
AUS,2003,Q2,6.05165,5.058995,0.338476,2.610966,51.06748773
AUS,2003,Q3,5.906586,5.423276,1.665567,2.594034,54.03463197
AUS,2003,Q4,5.708486,5.746692,1.706718,2.448454,55.75373037
AUS,2004,Q1,5.53739,5.578812,0.795668,2.035623,56.09796639
AUS,2004,Q2,5.436323,5.868857,0.663148,2.544529,55.3120375
AUS,2004,Q3,5.478689,5.570985,0.765014,2.2756,55.28012845
AUS,2004,Q4,5.117696,5.344444,0.77449,2.515723,55.89745821
AUS,2005,Q1,5.107388,5.467404,0.783395,2.369077,56.3920114
AUS,2005,Q2,5.057886,5.300068,0.449001,2.48139,56.53241443
AUS,2005,Q3,4.957685,5.198432,1.067343,3.090235,56.48015009
AUS,2005,Q4,5.007602,5.393989,0.84764,2.822086,57.25426145
AUS,2006,Q1,5.045285,5.272268,0.204879,2.923264,58.41349102
AUS,2006,Q2,4.85825,5.689188,0.167939,3.995157,60.2439753
AUS,2006,Q3,4.677104,5.736325,1.498158,3.956835,61.4508703
AUS,2006,Q4,4.515533,5.653708,1.279062,3.341289,62.20914237
AUS,2007,Q1,4.550614,5.807896,1.489092,2.485207,63.26573505
AUS,2007,Q2,4.325858,6.011781,0.586955,2.09546,65.73372962
AUS,2007,Q3,4.253399,6.022596,1.116082,1.845444,68.31005536
AUS,2007,Q4,4.354044,6.135811,0.500482,2.886836,70.53154479
AUS,2008,Q1,4.086904,6.15216,1.131335,4.272517,71.31431785
AUS,2008,Q2,4.259652,6.370742,0.222517,4.446979,70.28528163
AUS,2008,Q3,4.182716,5.95831,0.7786,4.983013,69.05673157
AUS,2008,Q4,4.441337,4.790564,-0.483688,3.703704,67.75431687
AUS,2009,Q1,5.309536,4.222159,1.033833,2.436323,67.96524234
AUS,2009,Q2,5.730456,5.024317,0.559652,1.419214,70.42606653
AUS,2009,Q3,5.678597,5.448237,0.30364,1.186624,73.84143042
AUS,2009,Q4,5.557998,5.463333,0.737188,2.056277,77.45213057
AUS,2010,Q1,5.33242,5.551667,0.503527,2.918919,80.24509782
AUS,2010,Q2,5.292088,5.534167,0.517838,3.121636,81.42383826
AUS,2010,Q3,5.119894,5.039166,0.694337,2.878465,80.97898809
AUS,2010,Q4,5.090487,5.339167,1.021125,2.757158,80.8596116
AUS,2011,Q1,4.971882,5.521667,-0.269426,3.256303,80.53963143
AUS,2011,Q2,4.964037,5.3325,1.173372,3.549061,79.63068383
AUS,2011,Q3,5.188172,4.571667,1.347792,3.419689,78.8030336
AUS,2011,Q4,5.205249,4.0925,1.145107,2.992776,77.5660914
AUS,2012,Q1,5.147324,3.971667,0.935578,1.62767,78.44497934
AUS,2012,Q2,5.120029,3.376667,0.753941,1.209677,78.39477429
AUS,2012,Q3,5.268359,3.055833,0.577621,2.004008,78.77692672
AUS,2012,Q4,5.367146,3.1125,0.558495,2.204409,79.90494819
AUS,2013,Q1,5.483391,3.469167,0.271678,2.502502,80.92047782
AUS,2013,Q2,5.631924,3.336667,0.455408,2.390438,82.54109382
AUS,2013,Q3,5.716028,3.87,0.792315,2.1611,85.09673523
AUS,2013,Q4,5.841367,4.113333,0.819718,2.745098,87.86760821
AUS,2014,Q1,5.901731,4.133333,0.695223,2.929688,89.68746813
AUS,2014,Q2,5.928009,3.836667,0.545999,3.015564,90.88440557
AUS,2014,Q3,6.157584,3.476667,0.47311,2.307692,92.5092162
AUS,2014,Q4,6.256922,3.18,0.372507,1.717557,93.80088314
AUS,2015,Q1,6.183694,2.54,0.856947,1.328273,95.92083338
AUS,2015,Q2,6.017283,2.756667,0.135397,1.510859,99.79747042
AUS,2015,Q3,6.167544,2.773333,1.070304,1.503759,102.3553335
AUS,2015,Q4,5.840587,2.773333,0.562297,1.688555,101.9263627
AUS,2016,Q1,5.780694,2.593333,0.899407,1.310861,102.4529009
AUS,2016,Q2,5.685879,2.32,0.71166,1.023256,103.9076108
AUS,2016,Q3,5.640517,1.933333,0.159082,1.296296,105.9350077
AUS,2016,Q4,5.727894,2.5,0.984697,1.476015,109.7048721
AUS,2017,Q1,5.789838,2.763333,0.345305,2.125693,112.8936153
AUS,2017,Q2,5.584736,2.503333,0.622296,1.933702,114.5322166
AUS,2017,Q3,5.507265,2.646667,1.01736,1.828154,114.7115478
AUS,2017,Q4,5.466868,2.643333,0.490343,1.909091,115.0949554
AUS,2018,Q1,5.525082,2.776667,0.910043,1.900452,115.1484808
AUS,2018,Q2,5.416193,2.743333,0.732109,2.077688,113.8984021
AUS,2018,Q3,5.178277,2.62,0.349175,1.885099,112.5166261
AUS,2018,Q4,5.040134,2.596667,0.162793,1.784121,109.0921966
AUS,2019,Q1,5.031445,2.12,0.495032,1.332149,106.6599287
AUS,2019,Q2,5.227671,1.63,0.602246,1.59292,105.5168029
AUS,2019,Q3,5.230595,1.096667,0.551297,1.674009,108.3593587
AUS,2019,Q4,5.178679,1.126667,0.526511,1.840491,111.7990047
CAN,1999,Q4,6.966667,6.088087,1.406696,2.367942,38.9446247
CAN,2000,Q1,6.866667,6.286111,1.599736,2.65358,39.42060192
CAN,2000,Q2,6.666667,6.011555,1.188585,2.445164,39.86189785
CAN,2000,Q3,6.9,5.786455,1.016982,2.714286,40.28300825
CAN,2000,Q4,6.9,5.617527,0.171207,3.060498,40.70419455
CAN,2001,Q1,7,5.383333,0.529651,2.76204,41.19028545
CAN,2001,Q2,7.1,5.72032,0.26949,3.580204,41.5515615
CAN,2001,Q3,7.166667,5.544672,-0.066614,2.7121,42.18525077
CAN,2001,Q4,7.633333,5.272764,0.608829,1.070442,42.91959766
CAN,2002,Q1,7.933333,5.443879,1.484226,1.550655,43.74608227
CAN,2002,Q2,7.7,5.559515,0.589373,1.355473,44.89169345
CAN,2002,Q3,7.5,5.09881,0.865449,2.335816,45.91698305
CAN,2002,Q4,7.533333,5.061424,0.548621,3.792279,46.82118476
CAN,2003,Q1,7.4,4.99032,0.553325,4.479131,47.86509311
CAN,2003,Q2,7.666667,4.670635,-0.147464,2.774992,48.58078294
CAN,2003,Q3,7.766667,4.780775,0.373654,2.084023,49.46505694
CAN,2003,Q4,7.466667,4.800448,0.689959,1.744569,50.59022275
CAN,2004,Q1,7.333333,4.432708,0.720268,0.9093862,51.74566916
CAN,2004,Q2,7.166667,4.772861,1.187819,2.212101,52.76623708
CAN,2004,Q3,7,4.661111,1.180436,2.009073,53.61491874
CAN,2004,Q4,7.133333,4.451746,0.718427,2.296991,54.50852984
CAN,2005,Q1,6.933333,4.27456,0.346067,2.124236,55.70380033
CAN,2005,Q2,6.866667,4.031934,0.725523,1.909612,56.95217826
CAN,2005,Q3,6.7,3.896175,1.211375,2.604828,57.8195786
CAN,2005,Q4,6.533333,4.065048,0.988734,2.213789,59.15336199
CAN,2006,Q1,6.466667,4.132871,0.810995,2.363694,60.89066083
CAN,2006,Q2,6.166667,4.4189,0.051646,2.560899,62.93492973
CAN,2006,Q3,6.4,4.2551,0.279245,1.733746,65.57009375
CAN,2006,Q4,6.133333,4.028142,0.398598,1.361386,67.09415389
CAN,2007,Q1,6.166667,4.095076,0.639627,1.816502,68.3267136
CAN,2007,Q2,6.1,4.359028,0.968907,2.192448,70.79491315
CAN,2007,Q3,5.933333,4.458317,0.419855,2.13025,72.8582231
CAN,2007,Q4,5.933333,4.166648,0.113617,2.411477,74.14849865
CAN,2008,Q1,5.966667,3.665727,0.076641,1.784094,75.41276125
CAN,2008,Q2,6,3.681157,0.361672,2.353993,76.11517095
CAN,2008,Q3,6.1,3.642555,0.820044,3.426698,75.78743805
CAN,2008,Q4,6.566667,3.395158,-1.159518,1.907601,74.43309278
CAN,2009,Q1,7.833333,2.886272,-2.259686,1.247772,72.3773025
CAN,2009,Q2,8.533334,3.205126,-1.091259,0.05822416,71.34204145
CAN,2009,Q3,8.6,3.419768,0.449939,-0.8643042,73.25192325
CAN,2009,Q4,8.466666,3.411309,1.166157,0.7897046,76.36385648
CAN,2010,Q1,8.233334,3.466373,1.206341,1.61385,78.96341649
CAN,2010,Q2,8,3.471076,0.523261,1.396567,80.16767776
CAN,2010,Q3,8.1,3.005397,0.708695,1.830863,80.32608892
CAN,2010,Q4,7.666667,2.997714,1.117505,2.263494,79.99458784
CAN,2011,Q1,7.7,3.312297,0.755347,2.598903,81.66330082
CAN,2011,Q2,7.533333,3.155877,0.194807,3.357245,83.17406036
CAN,2011,Q3,7.333333,2.527177,1.37964,2.996575,84.75819279
CAN,2011,Q4,7.433333,2.136794,0.787513,2.6958,85.72186448
CAN,2012,Q1,7.466667,2.035939,0.064087,2.336054,86.70165952
CAN,2012,Q2,7.3,1.911464,0.326164,1.582454,87.8491996
CAN,2012,Q3,7.266667,1.773634,0.136217,1.219174,88.31711198
CAN,2012,Q4,7.266667,1.772603,0.206781,0.939486,88.58940113
CAN,2013,Q1,7.166667,1.916919,0.897005,0.9075907,88.92751448
CAN,2013,Q2,7.066667,1.964985,0.580357,0.7652364,89.59942719
CAN,2013,Q3,7.1,2.582537,0.814973,1.14974,90.37689222
CAN,2013,Q4,7.066667,2.583394,1.05056,0.9307418,91.59605581
CAN,2014,Q1,7,2.469459,0.163448,1.390025,93.41422654
CAN,2014,Q2,7,2.352857,0.913329,2.22403,94.29333126
CAN,2014,Q3,7,2.145833,0.959051,2.083897,95.19522402
CAN,2014,Q4,6.7,1.955172,0.691976,1.925685,96.63358294
CAN,2015,Q1,6.733333,1.442184,-0.549519,1.075269,98.15295037
CAN,2015,Q2,6.833333,1.644984,-0.272172,0.902096,98.8267053
CAN,2015,Q3,6.966667,1.480825,0.353702,1.193001,100.4216249
CAN,2015,Q4,7.066667,1.518786,0.074877,1.330495,102.5987194
CAN,2016,Q1,7.2,1.216894,0.548501,1.542553,104.7801555
CAN,2016,Q2,6.933333,1.284791,-0.491712,1.551407,108.0093719
CAN,2016,Q3,6.933333,1.059973,1.031214,1.231333,111.9358684
CAN,2016,Q4,6.9,1.445373,0.561483,1.391807,115.0662849
CAN,2017,Q1,6.666667,1.712945,1.151748,1.911996,118.5383035
CAN,2017,Q2,6.5,1.513022,1.179154,1.320559,122.7558803
CAN,2017,Q3,6.2,1.947045,0.356617,1.371636,126.1416808
CAN,2017,Q4,6,1.961596,0.435261,1.787102,125.6000159
CAN,2018,Q1,5.8,2.236988,0.543378,2.056027,127.5302671
CAN,2018,Q2,5.933333,2.27785,0.390585,2.300025,127.9900769
CAN,2018,Q3,5.9,2.27876,0.608006,2.680623,128.4096228
CAN,2018,Q4,5.7,2.31805,0.244057,2.035623,129.0420367
CAN,2019,Q1,5.766667,1.857795,0.242835,1.611685,129.8254508
CAN,2019,Q2,5.566667,1.61711,0.85126,2.148389,129.0639897
CAN,2019,Q3,5.633333,1.362776,0.280434,1.939334,129.2394489
CAN,2019,Q4,5.7,1.517848,0.08572,2.094763,130.8471616
DEU,1999,Q4,8.217595,5.16,0.792973,0.9531374,84.36627606
DEU,2000,Q1,8.043843,5.46,1.422232,1.548233,84.3457625
DEU,2000,Q2,7.838384,5.263333,0.835425,1.105409,83.58556982
DEU,2000,Q3,7.716203,5.246666,-0.035508,1.376327,84.42223185
DEU,2000,Q4,7.600006,5.083333,-0.319672,1.730921,85.13080692
DEU,2001,Q1,7.678686,4.75,2.016211,1.720094,84.91817687
DEU,2001,Q2,7.759619,4.96,-0.034932,2.538071,84.52549863
DEU,2001,Q3,7.926714,4.883333,-0.197998,2.017067,84.47358831
DEU,2001,Q4,8.156847,4.596667,-0.105024,1.6628,83.7671573
DEU,2002,Q1,8.291635,4.98,-0.516925,1.998463,83.22458476
DEU,2002,Q2,8.53381,5.113333,0.434471,1.294745,83.5213577
DEU,2002,Q3,8.837136,4.613333,0.514446,1.21673,83.52170029
DEU,2002,Q4,9.151252,4.423333,-0.174482,1.179156,83.01567808
DEU,2003,Q1,9.527692,4.043334,-1.47986,1.130369,83.11099853
DEU,2003,Q2,9.725711,3.863333,0.106437,0.7894737,84.36574526
DEU,2003,Q3,9.778469,4.09,0.779773,1.051841,83.52129085
DEU,2003,Q4,9.741575,4.286667,0.269646,1.165413,83.58561127
DEU,2004,Q1,9.724695,4.063334,-0.163668,0.9687034,83.65330124
DEU,2004,Q2,9.688065,4.22,0.503567,1.864976,82.25502082
DEU,2004,Q3,9.923505,4.113333,-0.19809,1.821561,81.67343004
DEU,2004,Q4,10.06182,3.75,-0.093399,2.006689,81.70056848
DEU,2005,Q1,10.83213,3.6,-0.008763,1.623616,83.9389412
DEU,2005,Q2,11.29688,3.303333,0.561008,1.244965,82.1671383
DEU,2005,Q3,11.34061,3.166667,0.825198,1.642935,84.27707606
DEU,2005,Q4,11.19585,3.343333,0.472624,1.675774,83.00019027
DEU,2006,Q1,10.8026,3.476667,0.963741,1.706609,83.0098265
DEU,2006,Q2,10.35189,3.936667,1.738635,1.844485,83.00070816
DEU,2006,Q3,9.967022,3.88,0.759527,1.472701,82.29439728
DEU,2006,Q4,9.881539,3.756667,1.529764,1.28986,83.77808881
DEU,2007,Q1,9.089003,4.003334,0.051882,1.785077,79.9656731
DEU,2007,Q2,8.722601,4.33,0.840251,2.059659,81.22214628
DEU,2007,Q3,8.53125,4.34,0.508604,2.265487,81.71812027
DEU,2007,Q4,8.293556,4.193333,0.645992,3.077467,82.07530567
DEU,2008,Q1,7.811783,3.926667,0.655266,2.946335,82.95259311
DEU,2008,Q2,7.767037,4.253334,-0.255073,2.887961,82.58835386
DEU,2008,Q3,7.282506,4.26,-0.628659,3.080651,81.80426429
DEU,2008,Q4,7.240367,3.496667,-1.597684,1.612903,82.03713433
DEU,2009,Q1,7.631586,3.073333,-4.677444,0.8177172,82.06207773
DEU,2009,Q2,7.799257,3.323333,0.137173,0.2705445,82.60458114
DEU,2009,Q3,7.985954,3.303333,0.570776,-0.2350571,83.13839046
DEU,2009,Q4,7.551931,3.19,0.749154,0.4052685,84.27797143
DEU,2010,Q1,7.46909,3.176667,0.802771,0.8110848,83.32894594
DEU,2010,Q2,7.054127,2.776667,2.235389,1.112985,83.84491965
DEU,2010,Q3,6.726651,2.423333,0.830866,1.110737,84.49620752
DEU,2010,Q4,6.614001,2.596667,0.824029,1.379078,83.81379785
DEU,2011,Q1,6.187067,3.143333,1.924936,1.877305,86.37823483
DEU,2011,Q2,5.887489,3.096667,0.094964,2.001334,86.67198003
DEU,2011,Q3,5.755966,2.26,0.864337,2.197071,86.81842637
DEU,2011,Q4,5.470032,1.933333,-0.271718,2.22296,87.31815547
DEU,2012,Q1,5.461487,1.833333,0.199103,2.138861,88.31149284
DEU,2012,Q2,5.374879,1.42,0.167335,1.863963,88.65502762
DEU,2012,Q3,5.362347,1.356667,0.29233,2.019544,90.4389651
DEU,2012,Q4,5.319129,1.37,-0.416401,2.012334,91.68428688
DEU,2013,Q1,5.343374,1.466667,-0.470416,1.546392,91.70704965
DEU,2013,Q2,5.266859,1.34,1.050312,1.508828,92.66320855
DEU,2013,Q3,5.184506,1.726667,0.540479,1.628353,92.88715892
DEU,2013,Q4,5.128087,1.746667,0.341159,1.336303,93.13518103
DEU,2014,Q1,5.098831,1.61,0.968471,1.205584,94.22317785
DEU,2014,Q2,4.96619,1.35,-0.030612,1.075269,95.27292867
DEU,2014,Q3,4.964655,0.9933333,0.489948,0.8482563,96.17276599
DEU,2014,Q4,4.893323,0.7,0.863376,0.5023548,96.32662636
DEU,2015,Q1,4.726084,0.3066667,-0.201401,-0.0511115,98.26036331
DEU,2015,Q2,4.706381,0.49,0.62563,0.9688507,99.523767
DEU,2015,Q3,4.502863,0.6566667,0.451261,0.7288771,100.3471502
DEU,2015,Q4,4.561703,0.53,0.439251,0.4092312,101.8687195
DEU,2016,Q1,4.313916,0.2566667,0.795151,0.3026227,104.4351561
DEU,2016,Q2,4.205443,0.08,0.571937,0.1328904,106.5753167
DEU,2016,Q3,4.092996,-0.1233333,0.2059,0.4973475,108.7360204
DEU,2016,Q4,3.875561,0.1466667,0.362032,1.034023,110.3610337
DEU,2017,Q1,3.901568,0.2866667,1.189433,1.642642,111.5118046
DEU,2017,Q2,3.770908,0.27,0.558826,1.426676,112.8803206
DEU,2017,Q3,3.695221,0.3866667,0.862317,1.550643,114.9182249
DEU,2017,Q4,3.61484,0.3266667,0.731446,1.41961,117.1037534
DEU,2018,Q1,3.463316,0.5533333,0.132033,1.319261,119.0239035
DEU,2018,Q2,3.471241,0.42,0.386139,1.733726,120.4410036
DEU,2018,Q3,3.345275,0.3133333,-0.103204,1.884341,122.9934292
DEU,2018,Q4,3.254421,0.3,0.206611,1.985677,124.2633442
DEU,2019,Q1,3.195441,0.06666667,0.475634,1.367188,125.2025728
DEU,2019,Q2,3.124087,-0.16,-0.242517,1.70418,126.9832503
DEU,2019,Q3,3.118777,-0.5433334,0.196355,1.466837,128.8641625
DEU,2019,Q4,3.118591,-0.3733333,0.027992,1.244813,131.2780965
FRA,1999,Q4,,5.282865,1.374346,0.9895078,46.5
FRA,2000,Q1,,5.570959,0.945482,1.461752,47.8
FRA,2000,Q2,,5.386381,0.942397,1.423246,48.6
FRA,2000,Q3,,5.392843,0.634786,1.903914,49.6
FRA,2000,Q4,,5.227695,0.826768,1.913168,50.4
FRA,2001,Q1,,4.90306,0.548031,1.306284,51.5
FRA,2001,Q2,,5.11897,0.120259,2.050618,52.6
FRA,2001,Q3,,5.015605,0.358191,1.776798,53.4
FRA,2001,Q4,,4.720203,0.046759,1.404832,54.4
FRA,2002,Q1,,5.054606,0.270132,2.15183,55.3
FRA,2002,Q2,,5.203373,0.536884,1.624719,56.7
FRA,2002,Q3,,4.696927,0.345165,1.774398,58.3
FRA,2002,Q4,,4.489981,0.06443,2.145484,59.9
FRA,2003,Q1,7.934347,4.111395,0.112467,2.366263,61.5
FRA,2003,Q2,8.092027,3.936032,-0.211988,1.912854,63.4
FRA,2003,Q3,8.022157,4.133706,0.674206,1.93227,65.2
FRA,2003,Q4,8.3489,4.342419,0.788256,2.184437,67.5
FRA,2004,Q1,8.51853,4.105894,0.866088,1.800087,70.2
FRA,2004,Q2,8.383882,4.306586,0.660405,2.390643,72.6
FRA,2004,Q3,8.476612,4.158909,0.340795,2.285804,75.3
FRA,2004,Q4,8.492949,3.825274,0.747778,2.090756,78.2
FRA,2005,Q1,8.264749,3.641921,0.243473,1.721519,81.1
FRA,2005,Q2,8.447104,3.373739,0.184802,1.701914,84.1
FRA,2005,Q3,8.61891,3.233508,0.484665,1.88025,87.1
FRA,2005,Q4,8.642456,3.388559,0.73267,1.67977,89.8
FRA,2006,Q1,8.72288,3.512511,0.816256,1.784278,92.6
FRA,2006,Q2,8.565908,3.98701,1.007491,1.912496,95
FRA,2006,Q3,8.521989,3.897366,-0.017109,1.694274,97
FRA,2006,Q4,7.981926,3.786043,0.752733,1.312564,98.7
FRA,2007,Q1,8.095942,4.05405,0.789667,1.162397,100.2
FRA,2007,Q2,7.791017,4.387915,0.756945,1.172879,101.4
FRA,2007,Q3,7.629963,4.442817,0.349677,1.268129,102.6
FRA,2007,Q4,7.11319,4.328017,0.223941,2.345408,104.1
FRA,2008,Q1,6.859064,4.082849,0.452424,2.948832,104.6
FRA,2008,Q2,6.957051,4.469827,-0.448293,3.304873,104.2
FRA,2008,Q3,7.069831,4.484654,-0.332573,3.249972,103.1
FRA,2008,Q4,7.366004,3.899922,-1.421029,1.760576,100.2
FRA,2009,Q1,8.226741,3.642386,-1.640719,0.6248871,96.9
FRA,2009,Q2,8.80395,3.787752,-0.094935,-0.2066263,94.8
FRA,2009,Q3,8.808723,3.63572,0.170649,-0.4232466,95
FRA,2009,Q4,9.10463,3.529372,0.695665,0.3646113,96.1
FRA,2010,Q1,8.999077,3.483714,0.389,1.324575,98
FRA,2010,Q2,8.882594,3.1835,0.514181,1.613594,99.7
FRA,2010,Q3,8.820478,2.781601,0.591298,1.543023,101.2
FRA,2010,Q4,8.782284,3.019214,0.702873,1.641913,103.4
FRA,2011,Q1,8.775918,3.551905,1.045511,1.796153,104.9
FRA,2011,Q2,8.690997,3.536596,0.057388,2.065767,106.7
FRA,2011,Q3,8.791637,3.009407,0.234928,2.138661,107.4
FRA,2011,Q4,8.985082,3.186324,0.273029,2.442358,107.2
FRA,2012,Q1,9.133537,3.049875,0.081251,2.314332,106.8
FRA,2012,Q2,9.333258,2.771583,-0.176153,1.999862,106.3
FRA,2012,Q3,9.364724,2.21061,0.195567,1.976788,105.7
FRA,2012,Q4,9.765829,2.111908,-0.065313,1.53241,105.1
FRA,2013,Q1,9.954455,2.160253,-0.037778,1.061261,104.7
FRA,2013,Q2,10.03311,1.962097,0.686687,0.8065333,104
FRA,2013,Q3,9.87335,2.364977,0.001314,0.9388403,103.3
FRA,2013,Q4,9.822075,2.330033,0.461669,0.6502038,103.2
FRA,2014,Q1,10.16015,2.262914,0.072855,0.7270035,102.7
FRA,2014,Q2,10.19508,1.858657,0.168565,0.6293519,102.6
FRA,2014,Q3,10.3212,1.438733,0.48248,0.3981398,101.8
FRA,2014,Q4,10.49162,1.105452,0.097368,0.277815,100.6
FRA,2015,Q1,10.30958,0.5934103,0.447643,-0.2405854,100.2
FRA,2015,Q2,10.47567,0.8397913,-0.048697,0.2129075,99.8
FRA,2015,Q3,10.36847,1.041099,0.43147,0.08331112,99.9
FRA,2015,Q4,10.26268,0.89319,0.215727,0.09346107,100.1
FRA,2016,Q1,10.22336,0.6481563,0.632953,-0.04019427,100.4
FRA,2016,Q2,9.993421,0.4712071,-0.299727,-0.006639224,100.5
FRA,2016,Q3,9.893699,0.1694992,0.2257,0.2796924,101.2
FRA,2016,Q4,10.0449,0.58266,0.623243,0.5002168,101.6
FRA,2017,Q1,9.587766,0.9717999,0.820165,1.23312,102.9
FRA,2017,Q2,9.471877,0.7867427,0.670242,0.8863953,103.6
FRA,2017,Q3,9.532904,0.7501554,0.672207,0.8699406,104.5
FRA,2017,Q4,9.029145,0.7333333,0.7814,1.141454,104.9
FRA,2018,Q1,9.193041,0.8933333,0.239501,1.360432,106
FRA,2018,Q2,9.064717,0.77,0.155189,1.895423,106.6
FRA,2018,Q3,9.023359,0.7133333,0.282729,2.248264,107.7
FRA,2018,Q4,8.785224,0.76,0.499542,1.896263,108.5
FRA,2019,Q1,8.685062,0.5466667,0.344706,1.221344,109.1
FRA,2019,Q2,8.435822,0.25,0.361028,1.12385,110
FRA,2019,Q3,8.480968,-0.23,0.263191,1.004443,111
FRA,2019,Q4,8.17254,-0.04666667,-0.051157,1.085032,
GBR,1999,Q4,5.885931,5.527867,1.440921,1.5,41.85971113
GBR,2000,Q1,5.852016,5.609367,0.761872,1.1,43.58764609
GBR,2000,Q2,5.70355,5.311433,0.559657,1,45.15626699
GBR,2000,Q3,5.385477,5.3191,0.273347,1.2,45.47175421
GBR,2000,Q4,5.359006,5.076,0.157403,1.4,47.46207134
GBR,2001,Q1,5.146266,4.791633,1.430567,1.3,47.99385183
GBR,2001,Q2,4.819634,5.085733,0.836619,1.8,48.79235649
GBR,2001,Q3,5.020913,5.0589,0.79677,1.8,50.07977837
GBR,2001,Q4,5.068521,4.781734,0.371201,1.4,49.60554995
GBR,2002,Q1,5.073701,5.0208,0.44282,1.7,52.104534
GBR,2002,Q2,5.161391,5.200333,0.506399,1.3,55.37415819
GBR,2002,Q3,5.147498,4.749767,0.763128,1.3,58.58642819
GBR,2002,Q4,5.148153,4.606067,0.859067,1.6,62.14571243
GBR,2003,Q1,5.042404,4.3091,0.663776,1.5,64.17350577
GBR,2003,Q2,4.915567,4.266233,0.936153,1.3,65.11904882
GBR,2003,Q3,5.002897,4.575,1.030414,1.4,66.33189213
GBR,2003,Q4,4.908031,4.956033,0.844327,1.3,68.33086935
GBR,2004,Q1,4.701295,4.7673,0.543784,1.3,69.84326663
GBR,2004,Q2,4.68666,5.0896,0.357844,1.3,73.0801545
GBR,2004,Q3,4.660384,5.008767,0.165857,1.3,75.55174935
GBR,2004,Q4,4.716322,4.6634,0.329016,1.5,76.81426218
GBR,2005,Q1,4.65582,4.6421,0.840414,1.8,77.3927321
GBR,2005,Q2,4.62045,4.441267,1.243276,1.9,78.38359201
GBR,2005,Q3,4.612038,4.278967,1.139029,2.4,79.41397798
GBR,2005,Q4,5.11045,4.293233,1.49999,2.2,80.5203839
GBR,2006,Q1,5.186142,4.1824,0.39935,2.1,82.33412578
GBR,2006,Q2,5.396068,4.610333,0.251539,2.4,84.05038933
GBR,2006,Q3,5.440821,4.620567,0.102798,2.5,85.72361516
GBR,2006,Q4,5.374642,4.5934,0.519542,2.7,88.39158866
GBR,2007,Q1,5.489925,4.8616,0.933344,2.8,91.04196149
GBR,2007,Q2,5.281483,5.207267,0.619953,2.6,92.99808022
GBR,2007,Q3,5.249293,5.1837,0.776288,2,94.54232881
GBR,2007,Q4,5.02957,4.792533,0.471072,2.3,95.63234339
GBR,2008,Q1,5.121415,4.5203,0.542505,2.5,94.47971747
GBR,2008,Q2,5.264765,4.907267,-0.554747,3.3,92.41621112
GBR,2008,Q3,5.803724,4.782067,-1.563698,4.5,87.7126086
GBR,2008,Q4,6.264828,4.153266,-2.065366,3.7,82.8923631
GBR,2009,Q1,7.01165,3.5365,-1.747264,2.9,79.81709065
GBR,2009,Q2,7.714031,3.5833,-0.2434,2,79.68293026
GBR,2009,Q3,7.723244,3.731533,0.07103,1.4,81.74177063
GBR,2009,Q4,7.700672,3.738733,0.300051,1.6,84.41038482
GBR,2010,Q1,7.949162,4.052134,0.637137,2.4,85.95559997
GBR,2010,Q2,7.787076,3.8262,1.002053,2.5,86.30174888
GBR,2010,Q3,7.613374,3.2896,0.663216,2.3,86.39987222
GBR,2010,Q4,7.798744,3.329767,0.063325,2.7,85.65437244
GBR,2011,Q1,7.72364,3.781933,0.62948,3.5,85.24044267
GBR,2011,Q2,7.916927,3.560533,0.099462,3.8,84.78662105
GBR,2011,Q3,8.178746,2.867,0.310121,4,84.68045503
GBR,2011,Q4,8.330873,2.3345,0.185897,4,84.62290801
GBR,2012,Q1,8.157258,2.2175,0.643558,3.1,84.82494898
GBR,2012,Q2,7.928003,1.974367,-0.078857,2.5,85.28175512
GBR,2012,Q3,7.720062,1.682667,1.215525,2.2,85.12835542
GBR,2012,Q4,7.735625,1.797633,-0.153764,2.4,85.42870359
GBR,2013,Q1,7.773077,2.078133,0.644579,2.5,85.9165417
GBR,2013,Q2,7.709159,2.011633,0.535984,2.4,86.63034873
GBR,2013,Q3,7.488285,2.6747,0.945745,2.4,87.62369273
GBR,2013,Q4,7.129395,2.794667,0.530908,1.9,89.2310106
GBR,2014,Q1,6.673202,2.836133,0.658962,1.6,91.42780223
GBR,2014,Q2,6.225529,2.7416,0.655704,1.6,93.69150241
GBR,2014,Q3,5.90897,2.586967,0.575953,1.5,95.45785938
GBR,2014,Q4,5.632627,2.111633,0.559313,1.1,96.7774081
GBR,2015,Q1,5.435851,1.706533,0.526764,0.4,97.59379924
GBR,2015,Q2,5.515843,1.982967,0.713107,0.3,98.64313819
GBR,2015,Q3,5.274487,1.998867,0.429995,0.4,100.6920632
GBR,2015,Q4,4.977755,1.915767,0.747434,0.4,103.0709994
GBR,2016,Q1,4.987181,1.609967,0.166348,0.7,105.2882779
GBR,2016,Q2,4.850402,1.471967,0.530744,0.7,106.5640865
GBR,2016,Q3,4.761721,0.8411,0.45077,1,107.464717
GBR,2016,Q4,4.640992,1.2978,0.649613,1.5,108.5831958
GBR,2017,Q1,4.513781,1.3067,0.576446,2.2,109.9070875
GBR,2017,Q2,4.359034,1.093667,0.251392,2.6,111.2214498
GBR,2017,Q3,4.222164,1.213,0.34046,2.7,112.6004311
GBR,2017,Q4,4.225729,1.329867,0.399228,2.8,113.6061491
GBR,2018,Q1,4.144946,1.5015,0.05949,2.5,114.4829404
GBR,2018,Q2,3.961132,1.478433,0.526678,2.2,114.9924622
GBR,2018,Q3,4.009354,1.4251,0.587147,2.3,115.9075064
GBR,2018,Q4,3.868998,1.4376,0.214108,2.1,116.3251426
GBR,2019,Q1,3.729419,1.250367,0.67048,1.8,116.2782816
GBR,2019,Q2,3.772033,1.079867,-0.159314,2,116.3169882
GBR,2019,Q3,3.778318,0.6687,0.524983,1.8,116.9739878
GBR,2019,Q4,3.669427,0.7443666,0.019866,1.4,118.2062728
ITA,1999,Q4,11.06999,5.376667,1.503664,2.08525,66.43354963
ITA,2000,Q1,11.10749,5.686666,1.159439,2.352582,67.74636054
ITA,2000,Q2,10.74744,5.548666,0.663476,2.490887,69.27994202
ITA,2000,Q3,10.50619,5.593667,0.683704,2.630783,70.91894759
ITA,2000,Q4,9.978773,5.475333,1.464388,2.673476,72.10766773
ITA,2001,Q1,9.802645,5.164667,0.530881,2.895522,73.4200571
ITA,2001,Q2,9.539921,5.373667,-0.291032,3.052756,74.87426178
ITA,2001,Q3,9.527167,5.273334,-0.241069,2.799057,76.42956535
ITA,2001,Q4,9.222524,4.936666,-0.079445,2.399064,78.29574789
ITA,2002,Q1,8.952128,5.250667,-0.044743,2.407891,80.25781273
ITA,2002,Q2,9.187609,5.353667,0.46368,2.272074,82.02542838
ITA,2002,Q3,9.079762,4.851666,0.209801,2.407567,83.87419017
ITA,2002,Q4,8.805987,4.680666,0.380149,2.771429,85.8896247
ITA,2003,Q1,8.790344,4.24,-0.392551,2.719547,87.94851821
ITA,2003,Q2,8.904294,4.16,-0.105897,2.699662,90.34718853
ITA,2003,Q3,8.700643,4.333333,-0.072716,2.742793,92.78343347
ITA,2003,Q4,8.2893,4.45,0.916858,2.529886,95.09924958
ITA,2004,Q1,8.318039,4.276033,0.336855,2.289024,97.4180408
ITA,2004,Q2,7.981523,4.4626,0.286135,2.327492,99.60703169
ITA,2004,Q3,7.801283,4.3226,-0.006436,2.233724,101.7862372
ITA,2004,Q4,7.893623,3.973467,0.185345,1.979393,103.7354467
ITA,2005,Q1,7.877751,3.742367,-0.097279,1.914263,105.6557587
ITA,2005,Q2,7.704345,3.536933,0.709525,1.846401,107.343303
ITA,2005,Q3,7.63044,3.391467,0.648828,2.025047,108.9736193
ITA,2005,Q4,7.708505,3.55092,0.123688,2.153682,110.9304529
ITA,2006,Q1,7.211151,3.7212,0.29024,2.142857,112.8396933
ITA,2006,Q2,6.725827,4.266467,0.643126,2.233316,114.4197298
ITA,2006,Q3,6.577425,4.171,0.415766,2.167668,115.9439215
ITA,2006,Q4,6.589728,4.0259,1.173902,1.821968,117.5614438
ITA,2007,Q1,5.992578,4.2397,-0.003213,1.735302,119.1718422
ITA,2007,Q2,5.871896,4.543967,0.118287,1.593421,120.4816458
ITA,2007,Q3,6.140934,4.639133,0.178737,1.635992,121.7815982
ITA,2007,Q4,6.292474,4.526233,-0.318977,2.351738,123.0859229
ITA,2008,Q1,6.574214,4.377767,1.043004,3.05499,124.4348683
ITA,2008,Q2,6.892223,4.778533,-0.898979,3.566911,123.6598353
ITA,2008,Q3,6.667011,4.9042,-1.189084,3.973843,122.9915649
ITA,2008,Q4,6.758104,4.663767,-2.47068,2.797203,121.6221283
ITA,2009,Q1,7.360998,4.5385,-2.794646,1.482213,120.2933178
ITA,2009,Q2,7.476352,4.4591,-0.315161,0.8549096,118.9660156
ITA,2009,Q3,7.973835,4.1923,0.480012,0.1209482,117.8763171
ITA,2009,Q4,8.184146,4.054833,0.31251,0.6559767,117.4504909
ITA,2010,Q1,8.399745,4.0233,0.320983,1.290166,117.0817388
ITA,2010,Q2,8.491284,4.028533,0.738517,1.404698,117.7281591
ITA,2010,Q3,8.267673,3.896667,0.483995,1.618749,118.6216928
ITA,2010,Q4,8.290729,4.194334,0.594648,1.786145,118.9684093
ITA,2011,Q1,7.936939,4.78,0.340912,2.338573,118.69856
ITA,2011,Q2,7.909139,4.8042,0.119673,2.671364,120.4806196
ITA,2011,Q3,8.414215,5.493166,-0.470252,2.805849,120.0729613
ITA,2011,Q4,9.167527,6.613667,-0.883451,3.300166,119.5478591
ITA,2012,Q1,10.05873,5.710467,-1.127177,3.250164,119.495754
ITA,2012,Q2,10.62641,5.7876,-0.773571,3.284553,117.8447708
ITA,2012,Q3,10.72607,5.690667,-0.547831,3.168445,115.6265595
ITA,2012,Q4,11.20226,4.781967,-0.800195,2.471117,113.6329158
ITA,2013,Q1,11.83184,4.447,-0.846566,1.90779,110.9984809
ITA,2013,Q2,12.17546,4.206967,0.005751,1.164987,109.9792492
ITA,2013,Q3,12.33462,4.4595,0.183386,1.128173,108.312546
ITA,2013,Q4,12.25352,4.152233,-0.199346,0.6890072,107.1097239
ITA,2014,Q1,12.66403,3.638867,0.113252,0.49922,106.2154386
ITA,2014,Q2,12.39511,3.090433,-0.006061,0.4357299,104.4791951
ITA,2014,Q3,12.82681,2.608767,0.141663,-0.06197707,103.1931509
ITA,2014,Q4,12.84253,2.234733,-0.208996,0.0933126,101.9122154
ITA,2015,Q1,12.18509,1.5177,0.20863,-0.2483701,100.1869096
ITA,2015,Q2,12.30239,1.789467,0.398912,0.06197707,99.59277713
ITA,2015,Q3,11.55474,1.9337,0.22875,0.1860465,100.4095823
ITA,2015,Q4,11.54165,1.614933,0.489311,0.155376,99.810731
ITA,2016,Q1,11.39593,1.489,0.344172,-0.09492686,100.3038151
ITA,2016,Q2,11.71527,1.473867,0.17509,-0.3902137,100.2378162
ITA,2016,Q3,11.87926,1.2232,0.53454,-0.01934386,100.426901
ITA,2016,Q4,11.75859,1.759667,0.29913,0.128762,100.0314677
ITA,2017,Q1,11.39686,2.248033,0.611135,1.339585,99.58602095
ITA,2017,Q2,11.1278,2.168,0.343104,1.504011,99.29244547
ITA,2017,Q3,11.47715,2.150133,0.377454,1.131448,98.98773811
ITA,2017,Q4,10.83838,1.885533,0.516632,0.9327115,98.83379547
ITA,2018,Q1,10.87928,2.010167,0.068133,0.7270324,99.09837919
ITA,2018,Q2,10.87028,2.232433,-0.046655,0.9219624,98.82307382
ITA,2018,Q3,10.21079,2.921,-0.103062,1.48075,98.23917117
ITA,2018,Q4,10.47645,3.278,0.130551,1.419142,98.33937583
ITA,2019,Q1,10.35187,2.7573,0.231529,0.9514436,98.18216963
ITA,2019,Q2,9.937105,2.5152,0.105722,0.8482871,98.69319554
ITA,2019,Q3,9.914367,1.319867,0.056226,0.3566796,98.67749525
ITA,2019,Q4,9.601511,1.213167,-0.301073,0.2928734,
JPN,1999,Q4,4.633333,1.758667,0.056397,-0.9930487,139.5297037
JPN,2000,Q1,4.833333,1.768667,1.80917,-0.6020067,138.2097867
JPN,2000,Q2,4.7,1.703,0.277578,-0.7,136.8313457
JPN,2000,Q3,4.666667,1.771667,0.078053,-0.6352391,135.4197054
JPN,2000,Q4,4.733333,1.734333,0.973475,-0.7689736,134.0003448
JPN,2001,Q1,4.766667,1.364,0.544398,-0.4374159,132.5464302
JPN,2001,Q2,4.9,1.239,-0.492171,-0.7385029,130.9535445
JPN,2001,Q3,5.133333,1.331333,-1.019186,-0.7738897,129.3379036
JPN,2001,Q4,5.366667,1.341667,-0.306873,-1.010782,127.6317165
JPN,2002,Q1,5.266667,1.447333,0.178828,-1.419398,125.9113043
JPN,2002,Q2,5.4,1.362333,0.735156,-0.9130876,124.1079018
JPN,2002,Q3,5.433333,1.226667,0.31776,-0.8138352,122.3035607
JPN,2002,Q4,5.333333,1.016333,0.259426,-0.5445881,120.3776383
JPN,2003,Q1,5.333333,0.796,0.084988,-0.2399726,118.4614877
JPN,2003,Q2,5.433333,0.5896667,0.625531,-0.2389078,116.4892953
JPN,2003,Q3,5.166667,1.260667,0.386115,-0.2393162,114.5602852
JPN,2003,Q4,5.033333,1.366667,1.106485,-0.3080082,112.7061883
JPN,2004,Q1,4.9,1.319667,0.708528,-0.137457,110.8760439
JPN,2004,Q2,4.733333,1.610667,0.012986,-0.3079028,109.2106772
JPN,2004,Q3,4.766667,1.596333,0.618803,-0.1028101,107.6329662
JPN,2004,Q4,4.533333,1.444,-0.203455,0.514933,106.3086459
JPN,2005,Q1,4.533333,1.351333,0.492495,0.03441156,104.9629561
JPN,2005,Q2,4.433333,1.212667,0.662474,-0.1029513,103.6663184
JPN,2005,Q3,4.3,1.37,0.959946,-0.3087479,102.4489028
JPN,2005,Q4,4.433333,1.485,0.178172,-0.7513661,101.8060786
JPN,2006,Q1,4.2,1.634667,0.187861,-0.1375989,100.987097
JPN,2006,Q2,4.133333,1.902,0.24363,0.1717623,100.2829544
JPN,2006,Q3,4.1,1.741,-0.179188,0.6194081,99.56792932
JPN,2006,Q4,4.033333,1.684333,1.306084,0.3441156,99.7452206
JPN,2007,Q1,4,1.658,0.735823,-0.1033414,99.4851867
JPN,2007,Q2,3.766667,1.763,0.113974,-0.0685871,99.20641458
JPN,2007,Q3,3.733333,1.694667,-0.4938,-0.1367989,98.77320734
JPN,2007,Q4,3.833333,1.546333,0.466739,0.5486968,99.1213846
JPN,2008,Q1,3.9,1.367667,0.258594,1,98.78136709
JPN,2008,Q2,3.966667,1.659667,-0.37958,1.372684,102.3670087
JPN,2008,Q3,4,1.483,-1.240936,2.123288,100.5945464
JPN,2008,Q4,4.066667,1.359,-2.435128,1.023192,97.48747605
JPN,2009,Q1,4.566667,1.290667,-4.778316,-0.1365654,94.64934173
JPN,2009,Q2,5.1,1.415333,2.096167,-0.9817197,93.23987617
JPN,2009,Q3,5.433333,1.319333,0.04867,-2.21328,94.12350916
JPN,2009,Q4,5.2,1.309667,1.367785,-2.059419,94.0504854
JPN,2010,Q1,5.033333,1.321333,0.864529,-0.8547009,94.95375584
JPN,2010,Q2,5.133333,1.207667,1.356386,-0.7521368,95.2500679
JPN,2010,Q3,5.066667,0.9986666,1.804718,-0.994513,95.28176216
JPN,2010,Q4,5,1.065667,-0.824128,-0.275767,95.99901642
JPN,2011,Q1,4.733333,1.222667,-1.394447,-0.5172414,95.66557208
JPN,2011,Q2,4.666667,1.139,-0.650152,-0.3789183,95.48656372
JPN,2011,Q3,4.466667,1.024333,2.485951,0.1385521,95.5696572
JPN,2011,Q4,4.466667,1.023667,-0.161997,-0.3110957,95.05534178
JPN,2012,Q1,4.5,0.9623333,1.214743,0.3119584,95.06780034
JPN,2012,Q2,4.4,0.8496667,-0.729797,0.1383126,94.35270653
JPN,2012,Q3,4.233333,0.779,-0.386712,-0.4150813,94.2274326
JPN,2012,Q4,4.166667,0.7513334,0.261809,-0.2427184,94.74281397
JPN,2013,Q1,4.2,0.6453333,1.227096,-0.6565307,94.45749138
JPN,2013,Q2,4.033333,0.7633333,0.773323,-0.2762431,95.97962353
JPN,2013,Q3,3.933333,0.7223333,0.831615,0.8683571,96.59715887
JPN,2013,Q4,3.866667,0.6276667,-0.034279,1.459854,97.56007589
JPN,2014,Q1,3.666667,0.6016667,0.995925,1.530435,97.24378737
JPN,2014,Q2,3.633333,0.5706667,-1.916271,3.601108,97.3202936
JPN,2014,Q3,3.566667,0.504,0.088628,3.374656,97.64774438
JPN,2014,Q4,3.466667,0.405,0.494194,2.535115,98.3667212
JPN,2015,Q1,3.5,0.335,1.372458,2.329565,99.34833053
JPN,2015,Q2,3.366667,0.395,0.115167,0.5347593,99.66253175
JPN,2015,Q3,3.366667,0.38,-0.05884,0.1332445,100.5195384
JPN,2015,Q4,3.266667,0.29,-0.388048,0.2004678,100.4695993
JPN,2016,Q1,3.233333,-0.006666667,0.499408,0.03347841,100.7902915
JPN,2016,Q2,3.166667,-0.145,0.150915,-0.3324468,102.536043
JPN,2016,Q3,3.033333,-0.1166667,0.222361,-0.499002,102.3647535
JPN,2016,Q4,3,0.003333333,0.277171,0.3334445,103.1866366
JPN,2017,Q1,2.9,0.06666667,1.146386,0.3012048,104.5632377
JPN,2017,Q2,2.9,0.04333333,0.372957,0.3669113,104.560287
JPN,2017,Q3,2.8,0.04833333,0.567424,0.6018054,105.0266969
JPN,2017,Q4,2.7,0.04833333,0.446461,0.5982054,105.1632811
JPN,2018,Q1,2.466667,0.05666667,-0.472973,1.301301,106.0889473
JPN,2018,Q2,2.433333,0.03666667,0.495623,0.631439,106.5249156
JPN,2018,Q3,2.433333,0.09833334,-0.844504,1.129943,106.9995755
JPN,2018,Q4,2.433333,0.06833334,0.599642,0.8589363,107.9005125
JPN,2019,Q1,2.466667,-0.03666667,0.546515,0.2964427,108.4732091
JPN,2019,Q2,2.366667,-0.1016667,0.558885,0.7926024,108.5618112
JPN,2019,Q3,2.333333,-0.2183333,0.031919,0.3286231,108.3893414
JPN,2019,Q4,2.266667,-0.085,-1.813024,0.49132,109.1930408
USA,1999,Q4,4.066667,6.14,1.699585,2.622484,62.20947711
USA,2000,Q1,4.033333,6.48,0.36176,3.240178,63.30103373
USA,2000,Q2,3.933333,6.176667,1.831165,3.329322,64.36483892
USA,2000,Q3,4,5.893333,0.133555,3.508073,65.39626742
USA,2000,Q4,3.9,5.566667,0.62289,3.4271,66.53407645
USA,2001,Q1,4.233333,5.05,-0.285178,3.393488,67.76439027
USA,2001,Q2,4.4,5.27,0.584556,3.377329,68.86057213
USA,2001,Q3,4.833333,4.98,-0.415038,2.695937,69.91975208
USA,2001,Q4,5.5,4.77,0.272371,1.857882,71.01593394
USA,2002,Q1,5.7,5.076667,0.874514,1.252134,72.19999536
USA,2002,Q2,5.833333,5.1,0.605733,1.295531,73.53206447
USA,2002,Q3,5.733333,4.26,0.444571,1.59385,74.94276265
USA,2002,Q4,5.866667,4.006667,0.154823,2.200075,76.44134038
USA,2003,Q1,5.866667,3.92,0.554767,2.866779,77.79653569
USA,2003,Q2,6.133333,3.62,0.86026,2.131603,79.05460095
USA,2003,Q3,6.133333,4.233333,1.698209,2.196383,80.61330681
USA,2003,Q4,5.833333,4.286667,1.148167,1.895124,82.44027658
USA,2004,Q1,5.7,4.02,0.533747,1.785064,84.28112207
USA,2004,Q2,5.6,4.6,0.762076,2.867514,86.39948196
USA,2004,Q3,5.433333,4.303333,0.945328,2.727108,88.62884761
USA,2004,Q4,5.433333,4.173333,1.001674,3.322499,90.82583658
USA,2005,Q1,5.3,4.296667,1.106964,3.042233,93.09220415
USA,2005,Q2,5.1,4.16,0.461561,2.946366,95.54358131
USA,2005,Q3,4.966667,4.213333,0.891334,3.83263,98.03658564
USA,2005,Q4,4.966667,4.49,0.631463,3.739951,100.1086931
USA,2006,Q1,4.733333,4.57,1.330287,3.6471,101.6026456
USA,2006,Q2,4.633333,5.07,0.2337,4.010283,102.3334335
USA,2006,Q3,4.633333,4.896667,0.154633,3.335591,102.5138179
USA,2006,Q4,4.433333,4.63,0.851865,1.937332,103.0272195
USA,2007,Q1,4.5,4.68,0.235493,2.424095,103.6562522
USA,2007,Q2,4.5,4.846667,0.572872,2.650684,103.4111145
USA,2007,Q3,4.666667,4.73,0.543271,2.360478,102.1067968
USA,2007,Q4,4.8,4.26,0.607842,3.974384,100.2844523
USA,2008,Q1,5,3.663333,-0.5747,4.095428,97.9394556
USA,2008,Q2,5.333333,3.886667,0.516387,4.379385,95.2059388
USA,2008,Q3,6,3.863333,-0.541356,5.302814,92.82394023
USA,2008,Q4,6.866667,3.253333,-2.163811,1.601687,90.10429915
USA,2009,Q1,8.266666,2.736667,-1.122695,-0.04023253,89.61402372
USA,2009,Q2,9.3,3.313333,-0.14399,-1.150445,88.33283226
USA,2009,Q3,9.633333,3.516667,0.364111,-1.62336,87.91656066
USA,2009,Q4,9.933333,3.46,1.098384,1.443934,87.83330634
USA,2010,Q1,9.833333,3.716667,0.38478,2.360525,87.01001363
USA,2010,Q2,9.633333,3.49,0.922028,1.767765,86.60299252
USA,2010,Q3,9.466666,2.786667,0.737211,1.175609,85.17841862
USA,2010,Q4,9.5,2.863333,0.501903,1.270248,84.33199971
USA,2011,Q1,9.033334,3.46,-0.240441,2.141127,82.46802802
USA,2011,Q2,9.066667,3.21,0.714973,3.430395,81.80199347
USA,2011,Q3,9,2.426667,-0.027779,3.756174,82.11650978
USA,2011,Q4,8.633333,2.046667,1.159285,3.293777,82.25989222
USA,2012,Q1,8.266666,2.036667,0.782993,2.815192,82.62528618
USA,2012,Q2,8.2,1.823333,0.430202,1.889765,83.98510672
USA,2012,Q3,8.033334,1.643333,0.134948,1.697784,85.04428666
USA,2012,Q4,7.8,1.706667,0.113873,1.889365,86.32085288
USA,2013,Q1,7.733333,1.95,0.885675,1.681829,88.1061955
USA,2013,Q2,7.533333,1.996667,0.123396,1.39285,89.94241575
USA,2013,Q3,7.233333,2.71,0.783415,1.553359,91.39011585
USA,2013,Q4,6.933333,2.746667,0.798249,1.233471,92.30128812
USA,2014,Q1,6.666667,2.763333,-0.282705,1.405456,93.46684858
USA,2014,Q2,6.2,2.623333,1.353681,2.050846,94.34101893
USA,2014,Q3,6.066667,2.496667,1.220932,1.783154,95.41869984
USA,2014,Q4,5.7,2.28,0.562794,1.248028,96.68601558
USA,2015,Q1,5.533333,1.966667,0.78482,-0.06269593,98.01808468
USA,2015,Q2,5.433333,2.166667,0.74136,-0.03827201,99.29927614
USA,2015,Q3,5.1,2.22,0.330657,0.1095034,100.6035938
USA,2015,Q4,5.033333,2.19,0.032525,0.4662646,102.0790454
USA,2016,Q1,4.933333,1.92,0.503392,1.080267,103.5082445
USA,2016,Q2,4.9,1.753333,0.470347,1.047063,104.905067
USA,2016,Q3,4.9,1.563333,0.542291,1.117615,106.5377766
USA,2016,Q4,4.766667,2.13,0.502716,1.800621,108.2768669
USA,2017,Q1,4.566667,2.443333,0.566785,2.53932,109.7523184
USA,2017,Q2,4.366667,2.263333,0.534397,1.901991,111.6625425
USA,2017,Q3,4.3,2.243333,0.790798,1.966925,113.484887
USA,2017,Q4,4.133333,2.37,0.874862,2.117558,115.3858606
USA,2018,Q1,4.066667,2.76,0.631956,2.214195,117.5735991
USA,2018,Q2,3.933333,2.92,0.867116,2.711887,119.0721769
USA,2018,Q3,3.766667,2.926667,0.723648,2.64094,120.6956361
USA,2018,Q4,3.8,3.033333,0.271333,2.203131,122.2497167
USA,2019,Q1,3.866667,2.653333,0.765207,1.644936,123.9286788
USA,2019,Q2,3.633333,2.333333,0.499697,1.811376,125.3578779
USA,2019,Q3,3.633333,1.796667,0.521779,1.757488,126.8795819
USA,2019,Q4,3.533333,1.793333,0.527469,2.032914,128.4799149